Tahun,Jk,Umur,Penduduk
2010,Laki-laki,00-04,12114
2010,Laki-laki,05-09,11414
2010,Laki-laki,10-14,11384
2010,Laki-laki,15-19,10993
2010,Laki-laki,20-24,10768
2010,Laki-laki,25-29,10927
2010,Laki-laki,30-34,10264
2010,Laki-laki,35-39,9414
2010,Laki-laki,40-44,8517
2010,Laki-laki,45-49,7325
2010,Laki-laki,50-54,5865
2010,Laki-laki,55-59,4364
2010,Laki-laki,60-64,3218
2010,Laki-laki,65-69,2568
2010,Laki-laki,70-74,1898
2010,Laki-laki,75-79,1126
2010,Laki-laki,80-84,522
2010,Laki-laki,85+,201
2010,Perempuan,00-04,11490
2010,Perempuan,05-09,10817
2010,Perempuan,10-14,10793
2010,Perempuan,15-19,10406
2010,Perempuan,20-24,10226
2010,Perempuan,25-29,10465
2010,Perempuan,30-34,9958
2010,Perempuan,35-39,9224
2010,Perempuan,40-44,8392
2010,Perempuan,45-49,7257
2010,Perempuan,50-54,5883
2010,Perempuan,55-59,4482
2010,Perempuan,60-64,3590
2010,Perempuan,65-69,3095
2010,Perempuan,70-74,2411
2010,Perempuan,75-79,1543
2010,Perempuan,80-84,767
2010,Perempuan,85+,337
2011,Laki-laki,00-04,12225
2011,Laki-laki,05-09,11490
2011,Laki-laki,10-14,11386
2011,Laki-laki,15-19,11063
2011,Laki-laki,20-24,10770
2011,Laki-laki,25-29,10896
2011,Laki-laki,30-34,10406
2011,Laki-laki,35-39,9554
2011,Laki-laki,40-44,8677
2011,Laki-laki,45-49,7541
2011,Laki-laki,50-54,6115
2011,Laki-laki,55-59,4586
2011,Laki-laki,60-64,3308
2011,Laki-laki,65-69,2591
2011,Laki-laki,70-74,1929
2011,Laki-laki,75-79,1161
2011,Laki-laki,80-84,542
2011,Laki-laki,85+,211
2011,Perempuan,00-04,11597
2011,Perempuan,05-09,10890
2011,Perempuan,10-14,10794
2011,Perempuan,15-19,10477
2011,Perempuan,20-24,10221
2011,Perempuan,25-29,10415
2011,Perempuan,30-34,10072
2011,Perempuan,35-39,9348
2011,Perempuan,40-44,8543
2011,Perempuan,45-49,7469
2011,Perempuan,50-54,6127
2011,Perempuan,55-59,4704
2011,Perempuan,60-64,3634
2011,Perempuan,65-69,3129
2011,Perempuan,70-74,2462
2011,Perempuan,75-79,1601
2011,Perempuan,80-84,806
2011,Perempuan,85+,358
2012,Laki-laki,00-04,12320
2012,Laki-laki,05-09,11613
2012,Laki-laki,10-14,11362
2012,Laki-laki,15-19,11151
2012,Laki-laki,20-24,10795
2012,Laki-laki,25-29,10830
2012,Laki-laki,30-34,10547
2012,Laki-laki,35-39,9693
2012,Laki-laki,40-44,8825
2012,Laki-laki,45-49,7750
2012,Laki-laki,50-54,6360
2012,Laki-laki,55-59,4813
2012,Laki-laki,60-64,3429
2012,Laki-laki,65-69,2617
2012,Laki-laki,70-74,1953
2012,Laki-laki,75-79,1197
2012,Laki-laki,80-84,562
2012,Laki-laki,85+,222
2012,Perempuan,00-04,11687
2012,Perempuan,05-09,11009
2012,Perempuan,10-14,10769
2012,Perempuan,15-19,10568
2012,Perempuan,20-24,10239
2012,Perempuan,25-29,10336
2012,Perempuan,30-34,10184
2012,Perempuan,35-39,9469
2012,Perempuan,40-44,8683
2012,Perempuan,45-49,7674
2012,Perempuan,50-54,6366
2012,Perempuan,55-59,4932
2012,Perempuan,60-64,3716
2012,Perempuan,65-69,3160
2012,Perempuan,70-74,2507
2012,Perempuan,75-79,1658
2012,Perempuan,80-84,846
2012,Perempuan,85+,380
2013,Laki-laki,00-04,12360
2013,Laki-laki,05-09,11767
2013,Laki-laki,10-14,11336
2013,Laki-laki,15-19,11244
2013,Laki-laki,20-24,10806
2013,Laki-laki,25-29,10760
2013,Laki-laki,30-34,10673
2013,Laki-laki,35-39,9832
2013,Laki-laki,40-44,8974
2013,Laki-laki,45-49,7945
2013,Laki-laki,50-54,6595
2013,Laki-laki,55-59,5042
2013,Laki-laki,60-64,3581
2013,Laki-laki,65-69,2646
2013,Laki-laki,70-74,1973
2013,Laki-laki,75-79,1231
2013,Laki-laki,80-84,581
2013,Laki-laki,85+,234
2013,Perempuan,00-04,11724
2013,Perempuan,05-09,11160
2013,Perempuan,10-14,10742
2013,Perempuan,15-19,10663
2013,Perempuan,20-24,10248
2013,Perempuan,25-29,10258
2013,Perempuan,30-34,10281
2013,Perempuan,35-39,9589
2013,Perempuan,40-44,8824
2013,Perempuan,45-49,7866
2013,Perempuan,50-54,6599
2013,Perempuan,55-59,5163
2013,Perempuan,60-64,3841
2013,Perempuan,65-69,3186
2013,Perempuan,70-74,2547
2013,Perempuan,75-79,1714
2013,Perempuan,80-84,885
2013,Perempuan,85+,405
2014,Laki-laki,00-04,12358
2014,Laki-laki,05-09,11914
2014,Laki-laki,10-14,11339
2014,Laki-laki,15-19,11301
2014,Laki-laki,20-24,10828
2014,Laki-laki,25-29,10696
2014,Laki-laki,30-34,10766
2014,Laki-laki,35-39,9981
2014,Laki-laki,40-44,9117
2014,Laki-laki,45-49,8129
2014,Laki-laki,50-54,6823
2014,Laki-laki,55-59,5274
2014,Laki-laki,60-64,3758
2014,Laki-laki,65-69,2689
2014,Laki-laki,70-74,1989
2014,Laki-laki,75-79,1262
2014,Laki-laki,80-84,601
2014,Laki-laki,85+,247
2014,Perempuan,00-04,11722
2014,Perempuan,05-09,11304
2014,Perempuan,10-14,10745
2014,Perempuan,15-19,10720
2014,Perempuan,20-24,10271
2014,Perempuan,25-29,10187
2014,Perempuan,30-34,10347
2014,Perempuan,35-39,9715
2014,Perempuan,40-44,8958
2014,Perempuan,45-49,8047
2014,Perempuan,50-54,6824
2014,Perempuan,55-59,5396
2014,Perempuan,60-64,4005
2014,Perempuan,65-69,3212
2014,Perempuan,70-74,2583
2014,Perempuan,75-79,1768
2014,Perempuan,80-84,926
2014,Perempuan,85+,431
2015,Laki-laki,00-04,12322
2015,Laki-laki,05-09,12036
2015,Laki-laki,10-14,11380
2015,Laki-laki,15-19,11325
2015,Laki-laki,20-24,10883
2015,Laki-laki,25-29,10648
2015,Laki-laki,30-34,10805
2015,Laki-laki,35-39,10132
2015,Laki-laki,40-44,9254
2015,Laki-laki,45-49,8304
2015,Laki-laki,50-54,7040
2015,Laki-laki,55-59,5509
2015,Laki-laki,60-64,3951
2015,Laki-laki,65-69,2749
2015,Laki-laki,70-74,2006
2015,Laki-laki,75-79,1291
2015,Laki-laki,80-84,622
2015,Laki-laki,85+,259
2015,Perempuan,00-04,11688
2015,Perempuan,05-09,11423
2015,Perempuan,10-14,10784
2015,Perempuan,15-19,10744
2015,Perempuan,20-24,10326
2015,Perempuan,25-29,10135
2015,Perempuan,30-34,10362
2015,Perempuan,35-39,9841
2015,Perempuan,40-44,9083
2015,Perempuan,45-49,8216
2015,Perempuan,50-54,7040
2015,Perempuan,55-59,5632
2015,Perempuan,60-64,4200
2015,Perempuan,65-69,3241
2015,Perempuan,70-74,2617
2015,Perempuan,75-79,1817
2015,Perempuan,80-84,966
2015,Perempuan,85+,458
2016,Laki-laki,00-04,12222
2016,Laki-laki,05-09,12150
2016,Laki-laki,10-14,11456
2016,Laki-laki,15-19,11329
2016,Laki-laki,20-24,10955
2016,Laki-laki,25-29,10654
2016,Laki-laki,30-34,10778
2016,Laki-laki,35-39,10275
2016,Laki-laki,40-44,9393
2016,Laki-laki,45-49,8462
2016,Laki-laki,50-54,7251
2016,Laki-laki,55-59,5746
2016,Laki-laki,60-64,4154
2016,Laki-laki,65-69,2828
2016,Laki-laki,70-74,2027
2016,Laki-laki,75-79,1314
2016,Laki-laki,80-84,644
2016,Laki-laki,85+,270
2016,Perempuan,00-04,11594
2016,Perempuan,05-09,11533
2016,Perempuan,10-14,10858
2016,Perempuan,15-19,10747
2016,Perempuan,20-24,10400
2016,Perempuan,25-29,10135
2016,Perempuan,30-34,10317
2016,Perempuan,35-39,9957
2016,Perempuan,40-44,9209
2016,Perempuan,45-49,8367
2016,Perempuan,50-54,7250
2016,Perempuan,55-59,5869
2016,Perempuan,60-64,4412
2016,Perempuan,65-69,3286
2016,Perempuan,70-74,2652
2016,Perempuan,75-79,1862
2016,Perempuan,80-84,1008
2016,Perempuan,85+,486
2017,Laki-laki,00-04,12057
2017,Laki-laki,05-09,12248
2017,Laki-laki,10-14,11580
2017,Laki-laki,15-19,11306
2017,Laki-laki,20-24,11044
2017,Laki-laki,25-29,10681
2017,Laki-laki,30-34,10714
2017,Laki-laki,35-39,10416
2017,Laki-laki,40-44,9531
2017,Laki-laki,45-49,8608
2017,Laki-laki,50-54,7453
2017,Laki-laki,55-59,5978
2017,Laki-laki,60-64,4362
2017,Laki-laki,65-69,2935
2017,Laki-laki,70-74,2051
2017,Laki-laki,75-79,1334
2017,Laki-laki,80-84,666
2017,Laki-laki,85+,282
2017,Perempuan,00-04,11438
2017,Perempuan,05-09,11625
2017,Perempuan,10-14,10978
2017,Perempuan,15-19,10723
2017,Perempuan,20-24,10492
2017,Perempuan,25-29,10155
2017,Perempuan,30-34,10241
2017,Perempuan,35-39,10070
2017,Perempuan,40-44,9331
2017,Perempuan,45-49,8507
2017,Perempuan,50-54,7451
2017,Perempuan,55-59,6101
2017,Perempuan,60-64,4629
2017,Perempuan,65-69,3365
2017,Perempuan,70-74,2684
2017,Perempuan,75-79,1902
2017,Perempuan,80-84,1049
2017,Perempuan,85+,514
2018,Laki-laki,00-04,11887
2018,Laki-laki,05-09,12291
2018,Laki-laki,10-14,11735
2018,Laki-laki,15-19,11281
2018,Laki-laki,20-24,11138
2018,Laki-laki,25-29,10693
2018,Laki-laki,30-34,10647
2018,Laki-laki,35-39,10542
2018,Laki-laki,40-44,9670
2018,Laki-laki,45-49,8755
2018,Laki-laki,50-54,7643
2018,Laki-laki,55-59,6202
2018,Laki-laki,60-64,4573
2018,Laki-laki,65-69,3070
2018,Laki-laki,70-74,2078
2018,Laki-laki,75-79,1351
2018,Laki-laki,80-84,687
2018,Laki-laki,85+,295
2018,Perempuan,00-04,11277
2018,Perempuan,05-09,11665
2018,Perempuan,10-14,11129
2018,Perempuan,15-19,10697
2018,Perempuan,20-24,10587
2018,Perempuan,25-29,10164
2018,Perempuan,30-34,10164
2018,Perempuan,35-39,10168
2018,Perempuan,40-44,9451
2018,Perempuan,45-49,8647
2018,Perempuan,50-54,7640
2018,Perempuan,55-59,6327
2018,Perempuan,60-64,4849
2018,Perempuan,65-69,3483
2018,Perempuan,70-74,2711
2018,Perempuan,75-79,1939
2018,Perempuan,80-84,1089
2018,Perempuan,85+,545
2019,Laki-laki,00-04,11741
2019,Laki-laki,05-09,12292
2019,Laki-laki,10-14,11882
2019,Laki-laki,15-19,11285
2019,Laki-laki,20-24,11195
2019,Laki-laki,25-29,10716
2019,Laki-laki,30-34,10583
2019,Laki-laki,35-39,10636
2019,Laki-laki,40-44,9819
2019,Laki-laki,45-49,8897
2019,Laki-laki,50-54,7823
2019,Laki-laki,55-59,6419
2019,Laki-laki,60-64,4787
2019,Laki-laki,65-69,3225
2019,Laki-laki,70-74,2115
2019,Laki-laki,75-79,1366
2019,Laki-laki,80-84,708
2019,Laki-laki,85+,308
2019,Perempuan,00-04,11136
2019,Perempuan,05-09,11666
2019,Perempuan,10-14,11273
2019,Perempuan,15-19,10700
2019,Perempuan,20-24,10645
2019,Perempuan,25-29,10188
2019,Perempuan,30-34,10095
2019,Perempuan,35-39,10235
2019,Perempuan,40-44,9577
2019,Perempuan,45-49,8781
2019,Perempuan,50-54,7819
2019,Perempuan,55-59,6546
2019,Perempuan,60-64,5071
2019,Perempuan,65-69,3637
2019,Perempuan,70-74,2738
2019,Perempuan,75-79,1973
2019,Perempuan,80-84,1129
2019,Perempuan,85+,575
2020,Laki-laki,00-04,11615
2020,Laki-laki,05-09,12259
2020,Laki-laki,10-14,12005
2020,Laki-laki,15-19,11327
2020,Laki-laki,20-24,11222
2020,Laki-laki,25-29,10773
2020,Laki-laki,30-34,10538
2020,Laki-laki,35-39,10674
2020,Laki-laki,40-44,9967
2020,Laki-laki,45-49,9028
2020,Laki-laki,50-54,7987
2020,Laki-laki,55-59,6616
2020,Laki-laki,60-64,4989
2020,Laki-laki,65-69,3379
2020,Laki-laki,70-74,2152
2020,Laki-laki,75-79,1370
2020,Laki-laki,80-84,715
2020,Laki-laki,85+,311
2020,Perempuan,00-04,11013
2020,Perempuan,05-09,11634
2020,Perempuan,10-14,11393
2020,Perempuan,15-19,10740
2020,Perempuan,20-24,10671
2020,Perempuan,25-29,10245
2020,Perempuan,30-34,10045
2020,Perempuan,35-39,10251
2020,Perempuan,40-44,9702
2020,Perempuan,45-49,8904
2020,Perempuan,50-54,7981
2020,Perempuan,55-59,6750
2020,Perempuan,60-64,5289
2020,Perempuan,65-69,3808
2020,Perempuan,70-74,2756
2020,Perempuan,75-79,1994
2020,Perempuan,80-84,1156
2020,Perempuan,85+,597
2021,Laki-laki,00-04,11508
2021,Laki-laki,05-09,12162
2021,Laki-laki,10-14,12120
2021,Laki-laki,15-19,11404
2021,Laki-laki,20-24,11227
2021,Laki-laki,25-29,10846
2021,Laki-laki,30-34,10544
2021,Laki-laki,35-39,10646
2021,Laki-laki,40-44,10102
2021,Laki-laki,45-49,9155
2021,Laki-laki,50-54,8122
2021,Laki-laki,55-59,6789
2021,Laki-laki,60-64,5170
2021,Laki-laki,65-69,3515
2021,Laki-laki,70-74,2181
2021,Laki-laki,75-79,1355
2021,Laki-laki,80-84,704
2021,Laki-laki,85+,302
2021,Perempuan,00-04,10907
2021,Perempuan,05-09,11543
2021,Perempuan,10-14,11504
2021,Perempuan,15-19,10816
2021,Perempuan,20-24,10675
2021,Perempuan,25-29,10320
2021,Perempuan,30-34,10046
2021,Perempuan,35-39,10206
2021,Perempuan,40-44,9815
2021,Perempuan,45-49,9022
2021,Perempuan,50-54,8119
2021,Perempuan,55-59,6936
2021,Perempuan,60-64,5491
2021,Perempuan,65-69,3976
2021,Perempuan,70-74,2768
2021,Perempuan,75-79,1995
2021,Perempuan,80-84,1161
2021,Perempuan,85+,600
2022,Laki-laki,00-04,11420
2022,Laki-laki,05-09,12000
2022,Laki-laki,10-14,12218
2022,Laki-laki,15-19,11527
2022,Laki-laki,20-24,11205
2022,Laki-laki,25-29,10934
2022,Laki-laki,30-34,10570
2022,Laki-laki,35-39,10580
2022,Laki-laki,40-44,10235
2022,Laki-laki,45-49,9279
2022,Laki-laki,50-54,8244
2022,Laki-laki,55-59,6952
2022,Laki-laki,60-64,5342
2022,Laki-laki,65-69,3650
2022,Laki-laki,70-74,2227
2022,Laki-laki,75-79,1339
2022,Laki-laki,80-84,689
2022,Laki-laki,85+,292
2022,Perempuan,00-04,10820
2022,Perempuan,05-09,11390
2022,Perempuan,10-14,11597
2022,Perempuan,15-19,10936
2022,Perempuan,20-24,10652
2022,Perempuan,25-29,10412
2022,Perempuan,30-34,10066
2022,Perempuan,35-39,10130
2022,Perempuan,40-44,9923
2022,Perempuan,45-49,9135
2022,Perempuan,50-54,8243
2022,Perempuan,55-59,7113
2022,Perempuan,60-64,5685
2022,Perempuan,65-69,4145
2022,Perempuan,70-74,2806
2022,Perempuan,75-79,1988
2022,Perempuan,80-84,1159
2022,Perempuan,85+,598
2023,Laki-laki,00-04,11346
2023,Laki-laki,05-09,11833
2023,Laki-laki,10-14,12261
2023,Laki-laki,15-19,11682
2023,Laki-laki,20-24,11179
2023,Laki-laki,25-29,11027
2023,Laki-laki,30-34,10582
2023,Laki-laki,35-39,10514
2023,Laki-laki,40-44,10359
2023,Laki-laki,45-49,9413
2023,Laki-laki,50-54,8383
2023,Laki-laki,55-59,7124
2023,Laki-laki,60-64,5536
2023,Laki-laki,65-69,3816
2023,Laki-laki,70-74,2319
2023,Laki-laki,75-79,1347
2023,Laki-laki,80-84,692
2023,Laki-laki,85+,296
2023,Perempuan,00-04,10748
2023,Perempuan,05-09,11231
2023,Perempuan,10-14,11638
2023,Perempuan,15-19,11086
2023,Perempuan,20-24,10626
2023,Perempuan,25-29,10507
2023,Perempuan,30-34,10076
2023,Perempuan,35-39,10055
2023,Perempuan,40-44,10021
2023,Perempuan,45-49,9253
2023,Perempuan,50-54,8378
2023,Perempuan,55-59,7291
2023,Perempuan,60-64,5892
2023,Perempuan,65-69,4336
2023,Perempuan,70-74,2899
2023,Perempuan,75-79,1999
2023,Perempuan,80-84,1175
2023,Perempuan,85+,615
2024,Laki-laki,00-04,11277
2024,Laki-laki,05-09,11689
2024,Laki-laki,10-14,12263
2024,Laki-laki,15-19,11829
2024,Laki-laki,20-24,11184
2024,Laki-laki,25-29,11084
2024,Laki-laki,30-34,10606
2024,Laki-laki,35-39,10454
2024,Laki-laki,40-44,10455
2024,Laki-laki,45-49,9563
2024,Laki-laki,50-54,8526
2024,Laki-laki,55-59,7303
2024,Laki-laki,60-64,5744
2024,Laki-laki,65-69,4009
2024,Laki-laki,70-74,2448
2024,Laki-laki,75-79,1380
2024,Laki-laki,80-84,708
2024,Laki-laki,85+,312
2024,Perempuan,00-04,10683
2024,Perempuan,05-09,11092
2024,Perempuan,10-14,11639
2024,Perempuan,15-19,11231
2024,Perempuan,20-24,10630
2024,Perempuan,25-29,10565
2024,Perempuan,30-34,10101
2024,Perempuan,35-39,9989
2024,Perempuan,40-44,10091
2024,Perempuan,45-49,9382
2024,Perempuan,50-54,8514
2024,Perempuan,55-59,7469
2024,Perempuan,60-64,6106
2024,Perempuan,65-69,4546
2024,Perempuan,70-74,3040
2024,Perempuan,75-79,2028
2024,Perempuan,80-84,1206
2024,Perempuan,85+,650
2025,Laki-laki,00-04,11215
2025,Laki-laki,05-09,11564
2025,Laki-laki,10-14,12231
2025,Laki-laki,15-19,11952
2025,Laki-laki,20-24,11225
2025,Laki-laki,25-29,11110
2025,Laki-laki,30-34,10663
2025,Laki-laki,35-39,10410
2025,Laki-laki,40-44,10497
2025,Laki-laki,45-49,9715
2025,Laki-laki,50-54,8664
2025,Laki-laki,55-59,7473
2025,Laki-laki,60-64,5944
2025,Laki-laki,65-69,4206
2025,Laki-laki,70-74,2589
2025,Laki-laki,75-79,1422
2025,Laki-laki,80-84,723
2025,Laki-laki,85+,328
2025,Perempuan,00-04,10626
2025,Perempuan,05-09,10970
2025,Perempuan,10-14,11609
2025,Perempuan,15-19,11351
2025,Perempuan,20-24,10670
2025,Perempuan,25-29,10591
2025,Perempuan,30-34,10159
2025,Perempuan,35-39,9942
2025,Perempuan,40-44,10110
2025,Perempuan,45-49,9511
2025,Perempuan,50-54,8642
2025,Perempuan,55-59,7636
2025,Perempuan,60-64,6313
2025,Perempuan,65-69,4760
2025,Perempuan,70-74,3205
2025,Perempuan,75-79,2060
2025,Perempuan,80-84,1235
2025,Perempuan,85+,684
2026,Laki-laki,00-04,11161
2026,Laki-laki,05-09,11457
2026,Laki-laki,10-14,12133
2026,Laki-laki,15-19,12067
2026,Laki-laki,20-24,11302
2026,Laki-laki,25-29,11115
2026,Laki-laki,30-34,10735
2026,Laki-laki,35-39,10419
2026,Laki-laki,40-44,10475
2026,Laki-laki,45-49,9859
2026,Laki-laki,50-54,8804
2026,Laki-laki,55-59,7628
2026,Laki-laki,60-64,6138
2026,Laki-laki,65-69,4404
2026,Laki-laki,70-74,2736
2026,Laki-laki,75-79,1475
2026,Laki-laki,80-84,740
2026,Laki-laki,85+,343
2026,Perempuan,00-04,10577
2026,Perempuan,05-09,10865
2026,Perempuan,10-14,11518
2026,Perempuan,15-19,11462
2026,Perempuan,20-24,10745
2026,Perempuan,25-29,10595
2026,Perempuan,30-34,10234
2026,Perempuan,35-39,9945
2026,Perempuan,40-44,10071
2026,Perempuan,45-49,9630
2026,Perempuan,50-54,8771
2026,Perempuan,55-59,7788
2026,Perempuan,60-64,6514
2026,Perempuan,65-69,4975
2026,Perempuan,70-74,3383
2026,Perempuan,75-79,2103
2026,Perempuan,80-84,1264
2026,Perempuan,85+,720
2027,Laki-laki,00-04,11114
2027,Laki-laki,05-09,11369
2027,Laki-laki,10-14,11972
2027,Laki-laki,15-19,12165
2027,Laki-laki,20-24,11426
2027,Laki-laki,25-29,11094
2027,Laki-laki,30-34,10824
2027,Laki-laki,35-39,10448
2027,Laki-laki,40-44,10417
2027,Laki-laki,45-49,10001
2027,Laki-laki,50-54,8943
2027,Laki-laki,55-59,7772
2027,Laki-laki,60-64,6326
2027,Laki-laki,65-69,4600
2027,Laki-laki,70-74,2889
2027,Laki-laki,75-79,1544
2027,Laki-laki,80-84,756
2027,Laki-laki,85+,358
2027,Perempuan,00-04,10534
2027,Perempuan,05-09,10779
2027,Perempuan,10-14,11366
2027,Perempuan,15-19,11556
2027,Perempuan,20-24,10866
2027,Perempuan,25-29,10573
2027,Perempuan,30-34,10327
2027,Perempuan,35-39,9969
2027,Perempuan,40-44,10002
2027,Perempuan,45-49,9747
2027,Perempuan,50-54,8897
2027,Perempuan,55-59,7929
2027,Perempuan,60-64,6709
2027,Perempuan,65-69,5187
2027,Perempuan,70-74,3565
2027,Perempuan,75-79,2170
2027,Perempuan,80-84,1290
2027,Perempuan,85+,751
2028,Laki-laki,00-04,11078
2028,Laki-laki,05-09,11296
2028,Laki-laki,10-14,11805
2028,Laki-laki,15-19,12209
2028,Laki-laki,20-24,11581
2028,Laki-laki,25-29,11071
2028,Laki-laki,30-34,10918
2028,Laki-laki,35-39,10462
2028,Laki-laki,40-44,10356
2028,Laki-laki,45-49,10128
2028,Laki-laki,50-54,9083
2028,Laki-laki,55-59,7917
2028,Laki-laki,60-64,6502
2028,Laki-laki,65-69,4791
2028,Laki-laki,70-74,3044
2028,Laki-laki,75-79,1627
2028,Laki-laki,80-84,774
2028,Laki-laki,85+,371
2028,Perempuan,00-04,10501
2028,Perempuan,05-09,10709
2028,Perempuan,10-14,11207
2028,Perempuan,15-19,11597
2028,Perempuan,20-24,11017
2028,Perempuan,25-29,10549
2028,Perempuan,30-34,10424
2028,Perempuan,35-39,9982
2028,Perempuan,40-44,9932
2028,Perempuan,45-49,9848
2028,Perempuan,50-54,9020
2028,Perempuan,55-59,8070
2028,Perempuan,60-64,6891
2028,Perempuan,65-69,5393
2028,Perempuan,70-74,3749
2028,Perempuan,75-79,2263
2028,Perempuan,80-84,1313
2028,Perempuan,85+,781
2029,Laki-laki,00-04,11052
2029,Laki-laki,05-09,11228
2029,Laki-laki,10-14,11662
2029,Laki-laki,15-19,12212
2029,Laki-laki,20-24,11729
2029,Laki-laki,25-29,11076
2029,Laki-laki,30-34,10976
2029,Laki-laki,35-39,10487
2029,Laki-laki,40-44,10298
2029,Laki-laki,45-49,10224
2029,Laki-laki,50-54,9230
2029,Laki-laki,55-59,8056
2029,Laki-laki,60-64,6669
2029,Laki-laki,65-69,4975
2029,Laki-laki,70-74,3202
2029,Laki-laki,75-79,1721
2029,Laki-laki,80-84,795
2029,Laki-laki,85+,383
2029,Perempuan,00-04,10477
2029,Perempuan,05-09,10645
2029,Perempuan,10-14,11070
2029,Perempuan,15-19,11600
2029,Perempuan,20-24,11163
2029,Perempuan,25-29,10554
2029,Perempuan,30-34,10483
2029,Perempuan,35-39,10008
2029,Perempuan,40-44,9868
2029,Perempuan,45-49,9920
2029,Perempuan,50-54,9149
2029,Perempuan,55-59,8204
2029,Perempuan,60-64,7063
2029,Perempuan,65-69,5594
2029,Perempuan,70-74,3935
2029,Perempuan,75-79,2379
2029,Perempuan,80-84,1336
2029,Perempuan,85+,810
2030,Laki-laki,00-04,11029
2030,Laki-laki,05-09,11167
2030,Laki-laki,10-14,11538
2030,Laki-laki,15-19,12180
2030,Laki-laki,20-24,11851
2030,Laki-laki,25-29,11118
2030,Laki-laki,30-34,11003
2030,Laki-laki,35-39,10544
2030,Laki-laki,40-44,10257
2030,Laki-laki,45-49,10267
2030,Laki-laki,50-54,9379
2030,Laki-laki,55-59,8189
2030,Laki-laki,60-64,6828
2030,Laki-laki,65-69,5152
2030,Laki-laki,70-74,3364
2030,Laki-laki,75-79,1823
2030,Laki-laki,80-84,822
2030,Laki-laki,85+,395
2030,Perempuan,00-04,10457
2030,Perempuan,05-09,10589
2030,Perempuan,10-14,10949
2030,Perempuan,15-19,11570
2030,Perempuan,20-24,11283
2030,Perempuan,25-29,10595
2030,Perempuan,30-34,10510
2030,Perempuan,35-39,10067
2030,Perempuan,40-44,9824
2030,Perempuan,45-49,9941
2030,Perempuan,50-54,9278
2030,Perempuan,55-59,8332
2030,Perempuan,60-64,7225
2030,Perempuan,65-69,5788
2030,Perempuan,70-74,4124
2030,Perempuan,75-79,2512
2030,Perempuan,80-84,1361
2030,Perempuan,85+,839
2031,Laki-laki,00-04,11011
2031,Laki-laki,05-09,11114
2031,Laki-laki,10-14,11431
2031,Laki-laki,15-19,12083
2031,Laki-laki,20-24,11967
2031,Laki-laki,25-29,11195
2031,Laki-laki,30-34,11008
2031,Laki-laki,35-39,10617
2031,Laki-laki,40-44,10267
2031,Laki-laki,45-49,10247
2031,Laki-laki,50-54,9521
2031,Laki-laki,55-59,8325
2031,Laki-laki,60-64,6974
2031,Laki-laki,65-69,5325
2031,Laki-laki,70-74,3527
2031,Laki-laki,75-79,1931
2031,Laki-laki,80-84,856
2031,Laki-laki,85+,407
2031,Perempuan,00-04,10441
2031,Perempuan,05-09,10541
2031,Perempuan,10-14,10844
2031,Perempuan,15-19,11480
2031,Perempuan,20-24,11396
2031,Perempuan,25-29,10671
2031,Perempuan,30-34,10515
2031,Perempuan,35-39,10144
2031,Perempuan,40-44,9829
2031,Perempuan,45-49,9905
2031,Perempuan,50-54,9397
2031,Perempuan,55-59,8460
2031,Perempuan,60-64,7373
2031,Perempuan,65-69,5977
2031,Perempuan,70-74,4315
2031,Perempuan,75-79,2656
2031,Perempuan,80-84,1394
2031,Perempuan,85+,868
2032,Laki-laki,00-04,10999
2032,Laki-laki,05-09,11067
2032,Laki-laki,10-14,11344
2032,Laki-laki,15-19,11923
2032,Laki-laki,20-24,12066
2032,Laki-laki,25-29,11319
2032,Laki-laki,30-34,10989
2032,Laki-laki,35-39,10706
2032,Laki-laki,40-44,10297
2032,Laki-laki,45-49,10193
2032,Laki-laki,50-54,9661
2032,Laki-laki,55-59,8460
2032,Laki-laki,60-64,7110
2032,Laki-laki,65-69,5493
2032,Laki-laki,70-74,3688
2032,Laki-laki,75-79,2042
2032,Laki-laki,80-84,899
2032,Laki-laki,85+,420
2032,Perempuan,00-04,10429
2032,Perempuan,05-09,10499
2032,Perempuan,10-14,10759
2032,Perempuan,15-19,11329
2032,Perempuan,20-24,11490
2032,Perempuan,25-29,10793
2032,Perempuan,30-34,10495
2032,Perempuan,35-39,10238
2032,Perempuan,40-44,9855
2032,Perempuan,45-49,9839
2032,Perempuan,50-54,9514
2032,Perempuan,55-59,8584
2032,Perempuan,60-64,7511
2032,Perempuan,65-69,6160
2032,Perempuan,70-74,4504
2032,Perempuan,75-79,2804
2032,Perempuan,80-84,1444
2032,Perempuan,85+,895
2033,Laki-laki,00-04,10986
2033,Laki-laki,05-09,11032
2033,Laki-laki,10-14,11271
2033,Laki-laki,15-19,11758
2033,Laki-laki,20-24,12110
2033,Laki-laki,25-29,11474
2033,Laki-laki,30-34,10966
2033,Laki-laki,35-39,10801
2033,Laki-laki,40-44,10312
2033,Laki-laki,45-49,10134
2033,Laki-laki,50-54,9787
2033,Laki-laki,55-59,8596
2033,Laki-laki,60-64,7248
2033,Laki-laki,65-69,5651
2033,Laki-laki,70-74,3846
2033,Laki-laki,75-79,2156
2033,Laki-laki,80-84,951
2033,Laki-laki,85+,431
2033,Perempuan,00-04,10418
2033,Perempuan,05-09,10468
2033,Perempuan,10-14,10690
2033,Perempuan,15-19,11172
2033,Perempuan,20-24,11533
2033,Perempuan,25-29,10945
2033,Perempuan,30-34,10472
2033,Perempuan,35-39,10335
2033,Perempuan,40-44,9869
2033,Perempuan,45-49,9773
2033,Perempuan,50-54,9616
2033,Perempuan,55-59,8707
2033,Perempuan,60-64,7649
2033,Perempuan,65-69,6332
2033,Perempuan,70-74,4689
2033,Perempuan,75-79,2954
2033,Perempuan,80-84,1512
2033,Perempuan,85+,920
2034,Laki-laki,00-04,10972
2034,Laki-laki,05-09,11006
2034,Laki-laki,10-14,11203
2034,Laki-laki,15-19,11616
2034,Laki-laki,20-24,12113
2034,Laki-laki,25-29,11622
2034,Laki-laki,30-34,10972
2034,Laki-laki,35-39,10858
2034,Laki-laki,40-44,10338
2034,Laki-laki,45-49,10080
2034,Laki-laki,50-54,9882
2034,Laki-laki,55-59,8740
2034,Laki-laki,60-64,7381
2034,Laki-laki,65-69,5802
2034,Laki-laki,70-74,4000
2034,Laki-laki,75-79,2273
2034,Laki-laki,80-84,1009
2034,Laki-laki,85+,445
2034,Perempuan,00-04,10405
2034,Perempuan,05-09,10444
2034,Perempuan,10-14,10626
2034,Perempuan,15-19,11035
2034,Perempuan,20-24,11536
2034,Perempuan,25-29,11090
2034,Perempuan,30-34,10478
2034,Perempuan,35-39,10395
2034,Perempuan,40-44,9897
2034,Perempuan,45-49,9713
2034,Perempuan,50-54,9689
2034,Perempuan,55-59,8835
2034,Perempuan,60-64,7781
2034,Perempuan,65-69,6496
2034,Perempuan,70-74,4869
2034,Perempuan,75-79,3107
2034,Perempuan,80-84,1595
2034,Perempuan,85+,944
2035,Laki-laki,00-04,10958
2035,Laki-laki,05-09,10984
2035,Laki-laki,10-14,11143
2035,Laki-laki,15-19,11492
2035,Laki-laki,20-24,12083
2035,Laki-laki,25-29,11744
2035,Laki-laki,30-34,11015
2035,Laki-laki,35-39,10886
2035,Laki-laki,40-44,10395
2035,Laki-laki,45-49,10042
2035,Laki-laki,50-54,9927
2035,Laki-laki,55-59,8885
2035,Laki-laki,60-64,7509
2035,Laki-laki,65-69,5947
2035,Laki-laki,70-74,4149
2035,Laki-laki,75-79,2393
2035,Laki-laki,80-84,1072
2035,Laki-laki,85+,463
2035,Perempuan,00-04,10391
2035,Perempuan,05-09,10424
2035,Perempuan,10-14,10570
2035,Perempuan,15-19,10915
2035,Perempuan,20-24,11507
2035,Perempuan,25-29,11211
2035,Perempuan,30-34,10520
2035,Perempuan,35-39,10423
2035,Perempuan,40-44,9957
2035,Perempuan,45-49,9671
2035,Perempuan,50-54,9713
2035,Perempuan,55-59,8964
2035,Perempuan,60-64,7908
2035,Perempuan,65-69,6651
2035,Perempuan,70-74,5045
2035,Perempuan,75-79,3264
2035,Perempuan,80-84,1691
2035,Perempuan,85+,970
2036,Laki-laki,00-04,10945
2036,Laki-laki,05-09,10967
2036,Laki-laki,10-14,11090
2036,Laki-laki,15-19,11386
2036,Laki-laki,20-24,11988
2036,Laki-laki,25-29,11860
2036,Laki-laki,30-34,11092
2036,Laki-laki,35-39,10892
2036,Laki-laki,40-44,10468
2036,Laki-laki,45-49,10053
2036,Laki-laki,50-54,9909
2036,Laki-laki,55-59,9024
2036,Laki-laki,60-64,7640
2036,Laki-laki,65-69,6082
2036,Laki-laki,70-74,4296
2036,Laki-laki,75-79,2515
2036,Laki-laki,80-84,1139
2036,Laki-laki,85+,483
2036,Perempuan,00-04,10378
2036,Perempuan,05-09,10409
2036,Perempuan,10-14,10523
2036,Perempuan,15-19,10812
2036,Perempuan,20-24,11418
2036,Perempuan,25-29,11324
2036,Perempuan,30-34,10596
2036,Perempuan,35-39,10429
2036,Perempuan,40-44,10034
2036,Perempuan,45-49,9679
2036,Perempuan,50-54,9681
2036,Perempuan,55-59,9084
2036,Perempuan,60-64,8035
2036,Perempuan,65-69,6794
2036,Perempuan,70-74,5218
2036,Perempuan,75-79,3424
2036,Perempuan,80-84,1795
2036,Perempuan,85+,1004
2037,Laki-laki,00-04,10932
2037,Laki-laki,05-09,10955
2037,Laki-laki,10-14,11043
2037,Laki-laki,15-19,11299
2037,Laki-laki,20-24,11829
2037,Laki-laki,25-29,11958
2037,Laki-laki,30-34,11216
2037,Laki-laki,35-39,10873
2037,Laki-laki,40-44,10558
2037,Laki-laki,45-49,10085
2037,Laki-laki,50-54,9859
2037,Laki-laki,55-59,9162
2037,Laki-laki,60-64,7771
2037,Laki-laki,65-69,6208
2037,Laki-laki,70-74,4440
2037,Laki-laki,75-79,2638
2037,Laki-laki,80-84,1210
2037,Laki-laki,85+,508
2037,Perempuan,00-04,10366
2037,Perempuan,05-09,10398
2037,Perempuan,10-14,10481
2037,Perempuan,15-19,10727
2037,Perempuan,20-24,11268
2037,Perempuan,25-29,11419
2037,Perempuan,30-34,10718
2037,Perempuan,35-39,10410
2037,Perempuan,40-44,10129
2037,Perempuan,45-49,9706
2037,Perempuan,50-54,9619
2037,Perempuan,55-59,9201
2037,Perempuan,60-64,8159
2037,Perempuan,65-69,6929
2037,Perempuan,70-74,5387
2037,Perempuan,75-79,3583
2037,Perempuan,80-84,1902
2037,Perempuan,85+,1044
2038,Laki-laki,00-04,10915
2038,Laki-laki,05-09,10943
2038,Laki-laki,10-14,11008
2038,Laki-laki,15-19,11227
2038,Laki-laki,20-24,11665
2038,Laki-laki,25-29,12003
2038,Laki-laki,30-34,11370
2038,Laki-laki,35-39,10852
2038,Laki-laki,40-44,10652
2038,Laki-laki,45-49,10101
2038,Laki-laki,50-54,9806
2038,Laki-laki,55-59,9285
2038,Laki-laki,60-64,7902
2038,Laki-laki,65-69,6337
2038,Laki-laki,70-74,4576
2038,Laki-laki,75-79,2758
2038,Laki-laki,80-84,1282
2038,Laki-laki,85+,536
2038,Perempuan,00-04,10349
2038,Perempuan,05-09,10388
2038,Perempuan,10-14,10450
2038,Perempuan,15-19,10658
2038,Perempuan,20-24,11112
2038,Perempuan,25-29,11461
2038,Perempuan,30-34,10870
2038,Perempuan,35-39,10388
2038,Perempuan,40-44,10227
2038,Perempuan,45-49,9722
2038,Perempuan,50-54,9557
2038,Perempuan,55-59,9304
2038,Perempuan,60-64,8282
2038,Perempuan,65-69,7064
2038,Perempuan,70-74,5548
2038,Perempuan,75-79,3740
2038,Perempuan,80-84,2012
2038,Perempuan,85+,1095
2039,Laki-laki,00-04,10896
2039,Laki-laki,05-09,10929
2039,Laki-laki,10-14,10983
2039,Laki-laki,15-19,11160
2039,Laki-laki,20-24,11524
2039,Laki-laki,25-29,12006
2039,Laki-laki,30-34,11516
2039,Laki-laki,35-39,10858
2039,Laki-laki,40-44,10710
2039,Laki-laki,45-49,10129
2039,Laki-laki,50-54,9757
2039,Laki-laki,55-59,9381
2039,Laki-laki,60-64,8042
2039,Laki-laki,65-69,6462
2039,Laki-laki,70-74,4708
2039,Laki-laki,75-79,2876
2039,Laki-laki,80-84,1357
2039,Laki-laki,85+,570
2039,Perempuan,00-04,10331
2039,Perempuan,05-09,10375
2039,Perempuan,10-14,10427
2039,Perempuan,15-19,10595
2039,Perempuan,20-24,10977
2039,Perempuan,25-29,11465
2039,Perempuan,30-34,11015
2039,Perempuan,35-39,10395
2039,Perempuan,40-44,10287
2039,Perempuan,45-49,9752
2039,Perempuan,50-54,9502
2039,Perempuan,55-59,9379
2039,Perempuan,60-64,8410
2039,Perempuan,65-69,7194
2039,Perempuan,70-74,5701
2039,Perempuan,75-79,3894
2039,Perempuan,80-84,2125
2039,Perempuan,85+,1155
2040,Laki-laki,00-04,10869
2040,Laki-laki,05-09,10915
2040,Laki-laki,10-14,10961
2040,Laki-laki,15-19,11100
2040,Laki-laki,20-24,11402
2040,Laki-laki,25-29,11976
2040,Laki-laki,30-34,11639
2040,Laki-laki,35-39,10901
2040,Laki-laki,40-44,10738
2040,Laki-laki,45-49,10187
2040,Laki-laki,50-54,9723
2040,Laki-laki,55-59,9427
2040,Laki-laki,60-64,8183
2040,Laki-laki,65-69,6583
2040,Laki-laki,70-74,4836
2040,Laki-laki,75-79,2992
2040,Laki-laki,80-84,1434
2040,Laki-laki,85+,607
2040,Perempuan,00-04,10305
2040,Perempuan,05-09,10361
2040,Perempuan,10-14,10407
2040,Perempuan,15-19,10540
2040,Perempuan,20-24,10857
2040,Perempuan,25-29,11437
2040,Perempuan,30-34,11136
2040,Perempuan,35-39,10437
2040,Perempuan,40-44,10316
2040,Perempuan,45-49,9812
2040,Perempuan,50-54,9464
2040,Perempuan,55-59,9406
2040,Perempuan,60-64,8539
2040,Perempuan,65-69,7319
2040,Perempuan,70-74,5847
2040,Perempuan,75-79,4046
2040,Perempuan,80-84,2242
2040,Perempuan,85+,1222
2041,Laki-laki,00-04,10831
2041,Laki-laki,05-09,10903
2041,Laki-laki,10-14,10944
2041,Laki-laki,15-19,11047
2041,Laki-laki,20-24,11297
2041,Laki-laki,25-29,11882
2041,Laki-laki,30-34,11754
2041,Laki-laki,35-39,10978
2041,Laki-laki,40-44,10745
2041,Laki-laki,45-49,10260
2041,Laki-laki,50-54,9737
2041,Laki-laki,55-59,9415
2041,Laki-laki,60-64,8318
2041,Laki-laki,65-69,6707
2041,Laki-laki,70-74,4955
2041,Laki-laki,75-79,3107
2041,Laki-laki,80-84,1514
2041,Laki-laki,85+,646
2041,Perempuan,00-04,10269
2041,Perempuan,05-09,10349
2041,Perempuan,10-14,10392
2041,Perempuan,15-19,10492
2041,Perempuan,20-24,10754
2041,Perempuan,25-29,11349
2041,Perempuan,30-34,11249
2041,Perempuan,35-39,10514
2041,Perempuan,40-44,10323
2041,Perempuan,45-49,9890
2041,Perempuan,50-54,9474
2041,Perempuan,55-59,9379
2041,Perempuan,60-64,8659
2041,Perempuan,65-69,7445
2041,Perempuan,70-74,5983
2041,Perempuan,75-79,4196
2041,Perempuan,80-84,2361
2041,Perempuan,85+,1296
2042,Laki-laki,00-04,10788
2042,Laki-laki,05-09,10890
2042,Laki-laki,10-14,10932
2042,Laki-laki,15-19,11001
2042,Laki-laki,20-24,11211
2042,Laki-laki,25-29,11725
2042,Laki-laki,30-34,11852
2042,Laki-laki,35-39,11101
2042,Laki-laki,40-44,10727
2042,Laki-laki,45-49,10350
2042,Laki-laki,50-54,9770
2042,Laki-laki,55-59,9372
2042,Laki-laki,60-64,8452
2042,Laki-laki,65-69,6831
2042,Laki-laki,70-74,5068
2042,Laki-laki,75-79,3220
2042,Laki-laki,80-84,1593
2042,Laki-laki,85+,688
2042,Perempuan,00-04,10228
2042,Perempuan,05-09,10337
2042,Perempuan,10-14,10382
2042,Perempuan,15-19,10451
2042,Perempuan,20-24,10670
2042,Perempuan,25-29,11200
2042,Perempuan,30-34,11344
2042,Perempuan,35-39,10636
2042,Perempuan,40-44,10305
2042,Perempuan,45-49,9985
2042,Perempuan,50-54,9503
2042,Perempuan,55-59,9323
2042,Perempuan,60-64,8777
2042,Perempuan,65-69,7568
2042,Perempuan,70-74,6111
2042,Perempuan,75-79,4343
2042,Perempuan,80-84,2480
2042,Perempuan,85+,1376
2043,Laki-laki,00-04,10742
2043,Laki-laki,05-09,10874
2043,Laki-laki,10-14,10921
2043,Laki-laki,15-19,10967
2043,Laki-laki,20-24,11140
2043,Laki-laki,25-29,11563
2043,Laki-laki,30-34,11897
2043,Laki-laki,35-39,11255
2043,Laki-laki,40-44,10707
2043,Laki-laki,45-49,10444
2043,Laki-laki,50-54,9789
2043,Laki-laki,55-59,9326
2043,Laki-laki,60-64,8573
2043,Laki-laki,65-69,6957
2043,Laki-laki,70-74,5184
2043,Laki-laki,75-79,3329
2043,Laki-laki,80-84,1672
2043,Laki-laki,85+,733
2043,Perempuan,00-04,10184
2043,Perempuan,05-09,10321
2043,Perempuan,10-14,10371
2043,Perempuan,15-19,10420
2043,Perempuan,20-24,10602
2043,Perempuan,25-29,11045
2043,Perempuan,30-34,11387
2043,Perempuan,35-39,10788
2043,Perempuan,40-44,10285
2043,Perempuan,45-49,10084
2043,Perempuan,50-54,9522
2043,Perempuan,55-59,9267
2043,Perempuan,60-64,8881
2043,Perempuan,65-69,7690
2043,Perempuan,70-74,6241
2043,Perempuan,75-79,4484
2043,Perempuan,80-84,2599
2043,Perempuan,85+,1463
2044,Laki-laki,00-04,10685
2044,Laki-laki,05-09,10855
2044,Laki-laki,10-14,10907
2044,Laki-laki,15-19,10941
2044,Laki-laki,20-24,11073
2044,Laki-laki,25-29,11423
2044,Laki-laki,30-34,11901
2044,Laki-laki,35-39,11401
2044,Laki-laki,40-44,10715
2044,Laki-laki,45-49,10502
2044,Laki-laki,50-54,9819
2044,Laki-laki,55-59,9285
2044,Laki-laki,60-64,8668
2044,Laki-laki,65-69,7089
2044,Laki-laki,70-74,5297
2044,Laki-laki,75-79,3434
2044,Laki-laki,80-84,1751
2044,Laki-laki,85+,781
2044,Perempuan,00-04,10130
2044,Perempuan,05-09,10302
2044,Perempuan,10-14,10359
2044,Perempuan,15-19,10398
2044,Perempuan,20-24,10540
2044,Perempuan,25-29,10910
2044,Perempuan,30-34,11391
2044,Perempuan,35-39,10933
2044,Perempuan,40-44,10293
2044,Perempuan,45-49,10145
2044,Perempuan,50-54,9553
2044,Perempuan,55-59,9217
2044,Perempuan,60-64,8958
2044,Perempuan,65-69,7817
2044,Perempuan,70-74,6367
2044,Perempuan,75-79,4619
2044,Perempuan,80-84,2716
2044,Perempuan,85+,1555
2045,Laki-laki,00-04,10619
2045,Laki-laki,05-09,10828
2045,Laki-laki,10-14,10893
2045,Laki-laki,15-19,10920
2045,Laki-laki,20-24,11014
2045,Laki-laki,25-29,11302
2045,Laki-laki,30-34,11871
2045,Laki-laki,35-39,11522
2045,Laki-laki,40-44,10758
2045,Laki-laki,45-49,10531
2045,Laki-laki,50-54,9878
2045,Laki-laki,55-59,9257
2045,Laki-laki,60-64,8718
2045,Laki-laki,65-69,7223
2045,Laki-laki,70-74,5407
2045,Laki-laki,75-79,3537
2045,Laki-laki,80-84,1828
2045,Laki-laki,85+,832
2045,Perempuan,00-04,10066
2045,Perempuan,05-09,10277
2045,Perempuan,10-14,10345
2045,Perempuan,15-19,10378
2045,Perempuan,20-24,10485
2045,Perempuan,25-29,10791
2045,Perempuan,30-34,11363
2045,Perempuan,35-39,11054
2045,Perempuan,40-44,10336
2045,Perempuan,45-49,10175
2045,Perempuan,50-54,9616
2045,Perempuan,55-59,9185
2045,Perempuan,60-64,8990
2045,Perempuan,65-69,7945
2045,Perempuan,70-74,6487
2045,Perempuan,75-79,4750
2045,Perempuan,80-84,2833
2045,Perempuan,85+,1654
